<?xml version="1.0"?>
<!--<!DOCTYPE metadata SYSTEM "http://www.esri.com/metadata/esriprof80.dtd">-->
<metadata xml:lang="en"><Esri><CreaDate>20141110</CreaDate><CreaTime>14083000</CreaTime><SyncOnce>FALSE</SyncOnce><SyncDate>20141110</SyncDate><SyncTime>14083000</SyncTime><ModDate>20141110</ModDate><ModTime>14133800</ModTime><Sync>FALSE</Sync><DataProperties><lineage><Process ToolSource="C:\Program Files\ArcGIS\ArcToolbox\Toolboxes\Data Management Tools.tbx\CopyFeatures" Date="20061116" Time="105634">CopyFeatures D:\PROJECTS\BCAG\WORKING\SDE_BUILD\PARCEL_FEATURES\taxparcl.shp "Database Connections\bcag.sde\bcag.SDE.PARCEL_FEATURES\bcag.SDE.taxparcl" # 0 0 0</Process><Process Name="Select (4)" ToolSource="C:\Program Files\ArcGIS\ArcToolbox\Toolboxes\Analysis Tools.tbx\Select" Date="20080115" Time="104942">Select "Database Connections\BCAG_DATA.sde\bcag.SDE.PARCEL_FEATURES\bcag.SDE.taxparcl" D:\PROJECTS\BCAG\WORKING\CD\BCAG_SDE_EXTRACTED\STATEPLANE\PARCEL\taxparcl.shp #</Process><Process Name="FeatureClassToFeatureClass_5" ToolSource="C:\Program Files\ArcGIS\ArcToolbox\Toolboxes\Conversion Tools.tbx\FeatureClassToFeatureClass" Date="20080227" Time="092614">FeatureClassToFeatureClass D:\PROJECTS\BCAG\WORKING\CD\BCAG_SDE_EXTRACTED\STATEPLANE\PARCEL\taxparcl.shp "Database Connections\BCAG_DATA.sde\bcag.SDE.PARCEL_FEATURES" taxparcl # "APN APN true false false 15 Text 0 0 ,First,#,D:\PROJECTS\BCAG\WORKING\CD\BCAG_SDE_EXTRACTED\STATEPLANE\PARCEL\taxparcl.shp,APN,-1,-1;BOOK BOOK true false false 3 Text 0 0 ,First,#,D:\PROJECTS\BCAG\WORKING\CD\BCAG_SDE_EXTRACTED\STATEPLANE\PARCEL\taxparcl.shp,BOOK,-1,-1;PAGE PAGE true false false 2 Text 0 0 ,First,#,D:\PROJECTS\BCAG\WORKING\CD\BCAG_SDE_EXTRACTED\STATEPLANE\PARCEL\taxparcl.shp,PAGE,-1,-1;BLOCK BLOCK true false false 1 Text 0 0 ,First,#,D:\PROJECTS\BCAG\WORKING\CD\BCAG_SDE_EXTRACTED\STATEPLANE\PARCEL\taxparcl.shp,BLOCK,-1,-1;PARCEL PARCEL true false false 3 Text 0 0 ,First,#,D:\PROJECTS\BCAG\WORKING\CD\BCAG_SDE_EXTRACTED\STATEPLANE\PARCEL\taxparcl.shp,PARCEL,-1,-1;UPDATED UPDATED true true false 8 Date 0 0 ,First,#,D:\PROJECTS\BCAG\WORKING\CD\BCAG_SDE_EXTRACTED\STATEPLANE\PARCEL\taxparcl.shp,UPDATED,-1,-1;Shape_area Shape_area true false false 19 Double 0 0 ,First,#,D:\PROJECTS\BCAG\WORKING\CD\BCAG_SDE_EXTRACTED\STATEPLANE\PARCEL\taxparcl.shp,Shape_area,-1,-1;Shape_len Shape_len true false false 19 Double 0 0 ,First,#,D:\PROJECTS\BCAG\WORKING\CD\BCAG_SDE_EXTRACTED\STATEPLANE\PARCEL\taxparcl.shp,Shape_len,-1,-1" # "Database Connections\BCAG_DATA.sde\bcag.SDE.PARCEL_FEATURES\bcag.SDE.taxparcl"</Process><Process Name="Select Layer By Location" ToolSource="C:\Program Files\ArcGIS\ArcToolbox\Toolboxes\Data Management Tools.tbx\SelectLayerByLocation" Date="20090519" Time="133711">SelectLayerByLocation "Output Layer (taxparcl)" COMPLETELY_CONTAINS SDE.sewer_address_chico_Laye # NEW_SELECTION "Output Layer (taxparcl)"</Process><Process Name="Select Layer By Location" ToolSource="C:\Program Files\ArcGIS\ArcToolbox\Toolboxes\Data Management Tools.tbx\SelectLayerByLocation" Date="20090721" Time="155900">SelectLayerByLocation "Output Layer (taxparcl)" COMPLETELY_CONTAINS SDE.sewer_address_Layer # NEW_SELECTION "Output Layer (taxparcl)"</Process><Process Name="FeatureClassToFeatureClass_2" ToolSource="C:\Program Files\ArcGIS\ArcToolbox\Toolboxes\Conversion Tools.tbx\FeatureClassToFeatureClass" Date="20091109" Time="113711">FeatureClassToFeatureClass "Database Connections\BCAG_SDE.sde\bcag.SDE.PARCEL_FEATURES\bcag.SDE.taxparcl" W:\Data_Updates\BCAG_SDE\110909 taxparcl.shp # "APN APN true true false 15 Text 0 0 ,First,#,Database Connections\BCAG_SDE.sde\bcag.SDE.PARCEL_FEATURES\bcag.SDE.taxparcl,APN,-1,-1;BOOK BOOK true true false 3 Text 0 0 ,First,#,Database Connections\BCAG_SDE.sde\bcag.SDE.PARCEL_FEATURES\bcag.SDE.taxparcl,BOOK,-1,-1;PAGE PAGE true true false 2 Text 0 0 ,First,#,Database Connections\BCAG_SDE.sde\bcag.SDE.PARCEL_FEATURES\bcag.SDE.taxparcl,PAGE,-1,-1;BLOCK BLOCK true true false 1 Text 0 0 ,First,#,Database Connections\BCAG_SDE.sde\bcag.SDE.PARCEL_FEATURES\bcag.SDE.taxparcl,BLOCK,-1,-1;PARCEL PARCEL true true false 3 Text 0 0 ,First,#,Database Connections\BCAG_SDE.sde\bcag.SDE.PARCEL_FEATURES\bcag.SDE.taxparcl,PARCEL,-1,-1;UPDATED UPDATED true true false 36 Date 0 0 ,First,#,Database Connections\BCAG_SDE.sde\bcag.SDE.PARCEL_FEATURES\bcag.SDE.taxparcl,UPDATED,-1,-1;area area false false true 0 Double 0 0 ,First,#,Database Connections\BCAG_SDE.sde\bcag.SDE.PARCEL_FEATURES\bcag.SDE.taxparcl,Shape.area,-1,-1;len len false false true 0 Double 0 0 ,First,#,Database Connections\BCAG_SDE.sde\bcag.SDE.PARCEL_FEATURES\bcag.SDE.taxparcl,Shape.len,-1,-1" # W:\Data_Updates\BCAG_SDE\110909\taxparcl.shp</Process></lineage></DataProperties><MetaID>{BDD1C7DC-A61D-42AF-8642-76401CCF9BC6}</MetaID></Esri><idinfo><native Sync="TRUE">Microsoft Windows Vista Version 6.1 (Build 7601) Service Pack 1; ESRI ArcCatalog 9.3.1.4000</native><descript><langdata Sync="TRUE">en</langdata><abstract>The taxparcl feature class is a polygon feature class representing the individual parcels for Butte County which was derived from assessor map pages in digital and hardcopy formats.  All new parcels are entered from assessor CAD pages registered to orthorectified imagery.</abstract><purpose>This layer is designed as a Tax Parcel product. This information is intended for cartographic use, general spatial analysis and as a spatial index to Land related information. It is not intended for site specific analysis.</purpose></descript><citation><citeinfo><origin>Butte County Association of Governments</origin><pubdate>2008</pubdate><title Sync="TRUE">parcel</title><ftname Sync="TRUE">parcel</ftname><geoform Sync="TRUE">vector digital data</geoform><pubinfo><pubplace>Chico, CA</pubplace><publish>Butte County Association of Governments</publish></pubinfo><onlink Sync="TRUE">\\Brian-W7\GIS_WORKING\Data_Updates\BCAG_SDE\110614\parcel.shp</onlink></citeinfo></citation><timeperd><current>The information is current a month prior to date.</current><timeinfo><sngdate><caldate>October 2014</caldate></sngdate></timeinfo></timeperd><status><progress>Continually updated.</progress><update>Bi-monthly</update></status><spdom><bounding><westbc Sync="TRUE">-122.069504</westbc><eastbc Sync="TRUE">-121.069681</eastbc><northbc Sync="TRUE">40.153292</northbc><southbc Sync="TRUE">39.291199</southbc></bounding><lboundng><leftbc Sync="TRUE">6542236.214866</leftbc><rightbc Sync="TRUE">6821756.143686</rightbc><bottombc Sync="TRUE">2233373.469593</bottombc><topbc Sync="TRUE">2546087.279860</topbc></lboundng></spdom><keywords><theme><themekt>None</themekt><themekey>taxparcl</themekey></theme><place><placekey>City of Biggs</placekey><placekey>City of Chico</placekey><placekey>City of Gridley</placekey><placekey>City of Oroville</placekey><placekey>Town of Paradise</placekey><placekt>None </placekt></place></keywords><accconst>Data is licensed for use.</accconst><useconst>Refer to the License Agreement for Butte County Digital Geographic Data Sets.</useconst><natvform Sync="TRUE">Shapefile</natvform><ptcontac><cntinfo><cntorgp><cntorg>Butte County Association of Governments</cntorg><cntper>Brian Lasagna</cntper></cntorgp><cntpos>Senior Planner</cntpos><cntaddr><addrtype>mailing address</addrtype><address>2580 Sierra Sunrise Terrace, Suite 100</address><city>Chico</city><state>CA</state><postal>95928</postal><country>USA</country></cntaddr><cntvoice>(530)879-2468</cntvoice><cntfax>(530)879-2444</cntfax><cntemail>blasagna@bcag.org</cntemail><hours>Normal Business Hours (8:00am - 4:30pm)</hours><cntinst>Additional Contact Persons: Jon Clark (Director) (530)879-2468</cntinst></cntinfo></ptcontac></idinfo><dataIdInfo><envirDesc Sync="TRUE">Microsoft Windows Vista Version 6.1 (Build 7601) Service Pack 1; ESRI ArcCatalog 9.3.1.4000</envirDesc><dataLang><languageCode Sync="TRUE" value="en"></languageCode></dataLang><idCitation><resTitle Sync="TRUE">parcel</resTitle><presForm><PresFormCd Sync="TRUE" value="005"></PresFormCd></presForm></idCitation><spatRpType><SpatRepTypCd Sync="TRUE" value="001"></SpatRepTypCd></spatRpType><geoBox esriExtentType="decdegrees"><westBL Sync="TRUE">-122.069504</westBL><eastBL Sync="TRUE">-121.069681</eastBL><northBL Sync="TRUE">40.153292</northBL><southBL Sync="TRUE">39.291199</southBL><exTypeCode Sync="TRUE">1</exTypeCode></geoBox><dataExt><geoEle><GeoBndBox esriExtentType="native"><westBL Sync="TRUE">6542236.214866</westBL><eastBL Sync="TRUE">6821756.143686</eastBL><northBL Sync="TRUE">2546087.27986</northBL><southBL Sync="TRUE">2233373.469593</southBL><exTypeCode Sync="TRUE">1</exTypeCode></GeoBndBox></geoEle></dataExt></dataIdInfo><metainfo><langmeta Sync="TRUE">en</langmeta><metstdn Sync="TRUE">FGDC Content Standards for Digital Geospatial Metadata</metstdn><metstdv Sync="TRUE">FGDC-STD-001-1998</metstdv><mettc Sync="TRUE">local time</mettc><metc><cntinfo><cntorgp><cntper>Brian Lasagna</cntper><cntorg>Butte County Association of Governments</cntorg></cntorgp><cntaddr><addrtype>mailing address</addrtype><city>Chico</city><state>CA</state><postal>95928</postal><address>2580 Sierra Sunrise Terrace, Suite 100</address><country>USA</country></cntaddr><cntvoice>(530)879-2468</cntvoice><cntpos>Senior Planner</cntpos><cntfax>(530)879-2444</cntfax><cntemail>blasagna@bcag.org</cntemail><hours>Normal Business Hours (8:00am - 4:30pm)</hours><cntinst>Additional Contact Persons: Jon Clark (Director) (530)879-2468</cntinst></cntinfo></metc><metd Sync="TRUE">20141110</metd><metextns><onlink Sync="TRUE">http://www.esri.com/metadata/esriprof80.html</onlink><metprof Sync="TRUE">ESRI Metadata Profile</metprof></metextns></metainfo><mdLang><languageCode Sync="TRUE" value="en"></languageCode></mdLang><mdStanName Sync="TRUE">ISO 19115 Geographic Information - Metadata</mdStanName><mdStanVer Sync="TRUE">DIS_ESRI1.0</mdStanVer><mdChar><CharSetCd Sync="TRUE" value="004"></CharSetCd></mdChar><mdHrLv><ScopeCd Sync="TRUE" value="005"></ScopeCd></mdHrLv><mdHrLvName Sync="TRUE">dataset</mdHrLvName><distinfo><resdesc Sync="TRUE">Downloadable Data</resdesc><stdorder><digform><digtinfo><transize Sync="TRUE">28.256</transize><dssize Sync="TRUE">28.256</dssize><formname>Shapefile</formname><formcont>Shapefile</formcont></digtinfo><digtopt><offoptn><offmedia>CD-ROM</offmedia><reccap><recden>650</recden><recdenu>Megabytes</recdenu></reccap><recfmt>DOS copy </recfmt></offoptn></digtopt></digform><ordering>Contact Butte County Association of Governments.</ordering></stdorder><distrib><cntinfo><cntpos>Senior Planner</cntpos><cntaddr><addrtype>mailing address</addrtype><address>2580 Sierra Sunrise Terrace, Suite 100</address><city>Chico</city><state>CA</state><postal>95928</postal><country>USA</country></cntaddr><cntvoice>(530)879-2468</cntvoice><cntfax>(530)879-2444</cntfax><cntemail>blasagna@bcag.org</cntemail><hours>Normal Business Hours (8:00am - 4:30pm)</hours><cntinst>Additional Contact Persons: Jon Clark (Director), (530)879-2468.</cntinst><cntorgp><cntorg>Butte County Association of Governments</cntorg><cntper>Brian Lasagna</cntper></cntorgp></cntinfo></distrib><distliab>BCAG member jurisdictions may distribute the GIS base data according to their own discretion.  Non-member jurisdictions are permitted to use the GIS base data for internal business purposes only, and cannot sell, transfer, license, sublicense, disclose or allow access to the digital data to any third party without express written permission from BCAG. However, if any manipulation and/or processing of data are required to fulfill a request, an entity may charge the cost incurred for those services.

BCAG does not guarantee the accuracy or quality of the digital data.  The information is taken AS IS without any representations or implied warranties as to the fitness for a particular purpose or otherwise.  It is further understood that any and all rights, claims, causes of action or other recourse against BCAG for injuries or damages of any type, whether direct, indirect, incidental, consequential or otherwise, resulting from any error or omission in the data or in any programming used to obtain the data, or in any manner arising out of or related to the data retrieved herein, are forever waived.  It is agreed that BCAG shall not be liable for any liability, claim, loss, damage, injury or expense of any kind caused or alleged to be caused, directly or indirectly, by the inadequacy of data obtained from BCAG, by any deficiency of BCAG or user systems, by any delay or failure to provide service, or by any other interruption, disruption or loss to operations.</distliab><custom>Contact Butte County Association of Governments.</custom></distinfo><distInfo><distributor><distorTran><onLineSrc><orDesc Sync="TRUE">002</orDesc><linkage Sync="TRUE">file://\\Brian-W7\GIS_WORKING\Data_Updates\BCAG_SDE\110614\parcel.shp</linkage><protocol Sync="TRUE">Local Area Network</protocol></onLineSrc><transSize Sync="TRUE">28.256</transSize></distorTran><distorFormat><formatName Sync="TRUE">Shapefile</formatName></distorFormat></distributor></distInfo><spdoinfo><direct Sync="TRUE">Vector</direct><ptvctinf><esriterm Name="parcel"><efeatyp Sync="TRUE">Simple</efeatyp><efeageom Sync="TRUE">Polygon</efeageom><esritopo Sync="TRUE">FALSE</esritopo><efeacnt Sync="TRUE">93597</efeacnt><spindex Sync="TRUE">FALSE</spindex><linrefer Sync="TRUE">FALSE</linrefer><XYRank Sync="TRUE">1</XYRank><ZRank Sync="TRUE">1</ZRank><topoWeight Sync="TRUE">5.000000</topoWeight><validateEvents Sync="TRUE">FALSE</validateEvents><partTopoRules><topoRuleID Sync="TRUE">12</topoRuleID></partTopoRules><partTopoRules><topoRuleID Sync="TRUE">13</topoRuleID></partTopoRules><partTopoRules><topoRuleID Sync="TRUE">14</topoRuleID></partTopoRules><partTopoRules><topoRuleID Sync="TRUE">24</topoRuleID></partTopoRules></esriterm><sdtsterm Name="parcel"><sdtstype Sync="TRUE">G-polygon</sdtstype><ptvctcnt Sync="TRUE">93597</ptvctcnt></sdtsterm></ptvctinf><indspref>None</indspref></spdoinfo><spref><horizsys><cordsysn><geogcsn Sync="TRUE">GCS_North_American_1983</geogcsn><projcsn Sync="TRUE">NAD_1983_StatePlane_California_II_FIPS_0402_Feet</projcsn></cordsysn><planar><planci><plance Sync="TRUE">coordinate pair</plance><plandu Sync="TRUE">survey feet</plandu><coordrep><absres Sync="TRUE">0.000000</absres><ordres Sync="TRUE">0.000000</ordres></coordrep></planci><mapproj><mapprojn Sync="TRUE">Lambert Conformal Conic</mapprojn><lambertc><stdparll Sync="TRUE">38.333333</stdparll><stdparll Sync="TRUE">39.833333</stdparll><longcm Sync="TRUE">-122.000000</longcm><latprjo Sync="TRUE">37.666667</latprjo><feast Sync="TRUE">6561666.666667</feast><fnorth Sync="TRUE">1640416.666667</fnorth></lambertc></mapproj></planar><geodetic><horizdn Sync="TRUE">North American Datum of 1983</horizdn><ellips Sync="TRUE">Geodetic Reference System 80</ellips><semiaxis Sync="TRUE">6378137.000000</semiaxis><denflat Sync="TRUE">298.257222</denflat></geodetic></horizsys><vertdef><altsys><altenc Sync="TRUE">Explicit elevation coordinate included with horizontal coordinates</altenc><altres Sync="TRUE">1.000000</altres></altsys></vertdef></spref><refSysInfo><RefSystem><refSysID><identCode Sync="TRUE">NAD_1983_StatePlane_California_II_FIPS_0402_Feet</identCode></refSysID></RefSystem></refSysInfo><spatRepInfo><VectSpatRep><topLvl><TopoLevCd Sync="TRUE" value="001"></TopoLevCd></topLvl><geometObjs Name="parcel"><geoObjTyp><GeoObjTypCd Sync="TRUE" value="001"></GeoObjTypCd></geoObjTyp><geoObjCnt Sync="TRUE">93597</geoObjCnt></geometObjs></VectSpatRep></spatRepInfo><eainfo><detailed Name="parcel"><attr><attrlabl Sync="TRUE">Shape</attrlabl><attalias Sync="TRUE">FID</attalias><attrtype Sync="TRUE">OID</attrtype><attwidth Sync="TRUE">4</attwidth><atprecis Sync="TRUE">0</atprecis><attscale Sync="TRUE">0</attscale><attrdef Sync="TRUE">Feature geometry.</attrdef><attrdefs Sync="TRUE">ESRI</attrdefs><attrdomv><udom Sync="TRUE">Coordinates defining the features.</udom></attrdomv></attr><attr><attrlabl Sync="TRUE">FID</attrlabl><attalias Sync="TRUE">Shape</attalias><attrtype Sync="TRUE">Geometry</attrtype><attwidth Sync="TRUE">0</attwidth><attrdef Sync="TRUE">Internal feature number.</attrdef><attrdefs Sync="TRUE">ESRI</attrdefs><attrdomv><udom Sync="TRUE">Sequential unique whole numbers that are automatically generated.</udom></attrdomv><atprecis Sync="TRUE">0</atprecis><attscale Sync="TRUE">0</attscale></attr><attr><attrlabl Sync="TRUE">SHAPE</attrlabl><attalias Sync="TRUE">BLOCK</attalias><attrtype Sync="TRUE">Single</attrtype><attwidth Sync="TRUE">3</attwidth><attrdef Sync="TRUE">Feature geometry.</attrdef><attrdefs Sync="TRUE">ESRI</attrdefs><attrdomv><udom Sync="TRUE">Coordinates defining the features.</udom></attrdomv><atprecis Sync="TRUE">2</atprecis><attscale Sync="TRUE">1</attscale></attr><attr><attrlabl Sync="TRUE">BLOCK</attrlabl><attalias Sync="TRUE">ACRES</attalias><attrtype Sync="TRUE">Number</attrtype><attwidth Sync="TRUE">3</attwidth><attrdef>Assessor's Parcel Block</attrdef><attrdefs>Butte County Association of Governments</attrdefs><atnumdec Sync="TRUE">1</atnumdec></attr><attr><attrlabl Sync="TRUE">TRA_NUM</attrlabl><attalias Sync="TRUE">UPDATED</attalias><attrtype Sync="TRUE">String</attrtype><attwidth Sync="TRUE">10</attwidth></attr><enttyp><enttypl Sync="TRUE">parcel</enttypl><enttypt Sync="TRUE">Feature Class</enttypt><enttypc Sync="TRUE">93597</enttypc></enttyp><attr><attrlabl Sync="TRUE">ACRES</attrlabl><attalias Sync="TRUE">APN_BLDG_F</attalias><attrtype Sync="TRUE">Number</attrtype><attwidth Sync="TRUE">19</attwidth><atnumdec Sync="TRUE">2</atnumdec></attr><attr><attrlabl Sync="TRUE">APN_BLDG_F</attrlabl><attalias Sync="TRUE">OWNER</attalias><attrtype Sync="TRUE">String</attrtype><attwidth Sync="TRUE">11</attwidth></attr><attr><attrlabl Sync="TRUE">OWNER</attrlabl><attalias Sync="TRUE">OWNER_ADD</attalias><attrtype Sync="TRUE">String</attrtype><attwidth Sync="TRUE">50</attwidth></attr><attr><attrlabl Sync="TRUE">OWNER_ADD</attrlabl><attalias Sync="TRUE">CITYSTZIP</attalias><attrtype Sync="TRUE">String</attrtype><attwidth Sync="TRUE">32</attwidth></attr><attr><attrlabl Sync="TRUE">CITYSTZIP</attrlabl><attalias Sync="TRUE">APN</attalias><attrtype Sync="TRUE">String</attrtype><attwidth Sync="TRUE">32</attwidth></attr><attr><attrlabl Sync="TRUE">APN</attrlabl><attalias Sync="TRUE">BOOK</attalias><attrtype Sync="TRUE">String</attrtype><attwidth Sync="TRUE">15</attwidth><attrdef>Assessor's parcel number.</attrdef><attrdefs>Butte County Association of Governments</attrdefs></attr><attr><attrlabl Sync="TRUE">BOOK</attrlabl><attalias Sync="TRUE">PAGE</attalias><attrtype Sync="TRUE">Number</attrtype><attwidth Sync="TRUE">7</attwidth><attrdef>Assessor's Parcel Book</attrdef><attrdefs>Butte County Association of Governments</attrdefs><atnumdec Sync="TRUE">3</atnumdec></attr><attr><attrlabl Sync="TRUE">PAGE</attrlabl><attalias Sync="TRUE">PARCEL</attalias><attrtype Sync="TRUE">Number</attrtype><attwidth Sync="TRUE">5</attwidth><attrdef>Assessor's Parcel Page</attrdef><attrdefs>Butte County Association of Governments</attrdefs><atnumdec Sync="TRUE">2</atnumdec></attr><attr><attrlabl Sync="TRUE">PARCEL</attrlabl><attalias Sync="TRUE">SITUS</attalias><attrtype Sync="TRUE">Number</attrtype><attwidth Sync="TRUE">7</attwidth><attrdef>Assessor's Parcel</attrdef><attrdefs>Butte County Association of Governments</attrdefs><atnumdec Sync="TRUE">3</atnumdec></attr><attr><attrlabl Sync="TRUE">SITUS</attrlabl><attalias Sync="TRUE">COMMENTS</attalias><attrtype Sync="TRUE">String</attrtype><attwidth Sync="TRUE">32</attwidth></attr><attr><attrlabl Sync="TRUE">PARENT</attrlabl><attalias Sync="TRUE">PARENT</attalias><attrtype Sync="TRUE">String</attrtype><attwidth Sync="TRUE">16</attwidth></attr><attr><attrlabl Sync="TRUE">COMMENTS</attrlabl><attalias Sync="TRUE">LANDUSE</attalias><attrtype Sync="TRUE">String</attrtype><attwidth Sync="TRUE">100</attwidth></attr><attr><attrlabl Sync="TRUE">LANDUSE</attrlabl><attalias Sync="TRUE">TRA_NUM</attalias><attrtype Sync="TRUE">String</attrtype><attwidth Sync="TRUE">6</attwidth></attr></detailed><overview><dsoverv>The taxparcl feature class is a polygon feature class. It includes those parcels that fall under the jurisdiction of Butte County.</dsoverv></overview></eainfo><mdDateSt Sync="TRUE">20141110</mdDateSt><dataqual><lineage><srcinfo><srccite><citeinfo><origin>Butte County Department of Development Services</origin><pubdate>mid 1990’s</pubdate><title>Butte County Parcels</title><geoform>digital</geoform><pubinfo><pubplace>Oroville, CA</pubplace><publish>Butte County Department of Development Services</publish></pubinfo></citeinfo></srccite><srcscale>various</srcscale><typesrc>hardcopy</typesrc><srccitea>BCDDS</srccitea></srcinfo><srcinfo><srccite><citeinfo><origin>Butte County Association of Governments</origin><pubdate>1998-2000 </pubdate><title>Butte County Parcels</title><geoform>digital</geoform><pubinfo><pubplace>Oroville, CA</pubplace><publish>Butte County Association of Governments</publish></pubinfo></citeinfo></srccite><srcscale>various</srcscale><typesrc>digital/hardcopy</typesrc><srctime><timeinfo><rngdates><begdate>1998</begdate><enddate>2000</enddate></rngdates></timeinfo><srccurr>publication date</srccurr></srctime><srccitea>BCAG_1</srccitea><srccontr>BCAG contracted with the consulting firm Quad Knopf Engineering, Inc., to take BCDDS’s countywide parcel file and improve its spatial accuracy by rectifying it to BCAG’s highly accurate centerline road file.  Also, base was brought up-to-date by adding missing parcels.</srccontr></srcinfo><procstep><procdesc>Parcel linework was digitized from hardcopy assessor’s maps and controlled to US Census Bureau TIGER files.</procdesc><srcused>BCDDS</srcused><procdate>mid 1990’s</procdate></procstep><procstep><procdesc>Processed file using  ‘adjust’ arcinfo command.  Command rubbersheets file based on centerline control.  In an effort to make the parcel file current with the Butte County Assessor’s Parcel Books, the consultant also added approximately 4,500 parcels to the parcel file that had been missing from the County’s original parcel file.</procdesc><srcused>BCAG_1</srcused><procdate>1999</procdate></procstep><srcinfo><srccite><citeinfo><origin>Butte County Association of Governments</origin><pubdate>2002-2003</pubdate><title>Butte County Parcels</title><geoform>digital</geoform><pubinfo><pubplace>Chico, CA</pubplace><publish>Butte County Association of Governments</publish></pubinfo></citeinfo></srccite><srcscale>various</srcscale><typesrc>digital / hardcopy</typesrc><srctime><timeinfo><rngdates><begdate>2002, July</begdate><enddate>present</enddate></rngdates></timeinfo><srccurr>publication date</srccurr></srctime><srccitea>BCAG_2</srccitea><srccontr>Assessor’s digital DWG files and hardcopy scans.</srccontr></srcinfo><procstep><procdesc>The process for the parcel file cleaning was made up of four (4) phases that resulted in a more accurate parcel layer.  The four phases consisted of: 1) importing or digitizing page; 2) cleaning; 3) registering; 4) implementing. 

The first phase in the adjustment process began with the importing of the Assessor CAD pages. The County Assessor maintains its pages as AutoCAD drawings (.dwg files).  The prevailing factor in using the Assessors’ CAD drawings is to maintain the parcel pages’ scale and geometric accuracy.  Each CAD drawing received from the Assessors’ Office was generated using Coordinate Geometry (COGO), which allows for accurate segment lengths and scale.  Relevant layers from each CAD drawing are delineated and imported into an ArcInfo coverage.  Important layers consist of lots, easements, roads, and parcels.  If the CAD page was not available from the Assessor then the page needed to be manually digitized.  Each paper parcel page was scanned at 300 dpi and converted to a vector format using heads-up digitizing.  This work was subcontracted with ETS Digital in Chico. 

In order for the GIC to make the appropriate adjustments, all Assessor parcel pages need to be in digital format with parcel boundary lines digitized as a single vector layer in DWG file format.  Thus, approximately 1,200 assessor parcel pages needed to be scanned, and the vector lines representing parcel boundaries needed to be extracted and saved as a DWG file. 

ETS scanned each Assessor parcel page, and digitized only the parcel boundary vector lines (no rivers, easements, etc), and were saved as a single DWG file.   The parcel boundary vector lines were the only lines to be digitized as part of this contract.  Page breakdown:  Chico 303 pages, Oroville 176 pages, Paradise 376 pages, Butte County and remaining areas 371. 

Unfortunately the CAD parcel page drawings’ topology (connectivity, area definition, and contiguity) from either the Assessor or ETS sometimes contained errors that would not allow the newly created Arc coverage to work correctly with the ArcInfo GIS master coverage. The most frequent example of this was lines/arcs that cross one another without actually connecting at the point of intersection. To correct this discrepancy, the clean command was used. This command: corrects geometric coordinate errors, assembles arcs (lines) into polygons and creates feature attribute information (shape/area/length) for each polygon or arc. A two-foot tolerance was used for this process. Essentially the end point of any arc/line was connected or snapped to another arc that was within a two-foot radius.  After the clean operation was performed, a GIS technician manually rechecked each newly created parcel page coverage for any topological errors. If there were any errors found, the technician used ArcEdit to correct any remaining errors. 

Following the import and clean procedures was the registration phase. During this stage, the newly created and cleaned Arc coverages were registered using ArcGIS.  Registration changes the Arc coverage coordinates using a projective transformation based on a set of control points.  This process basically designated a real world location for the parcel page coverage.  The real world location was referenced to an ortho-rectified aerial photo of the area and control points were derived.  Control points are specific locations on the photo such as fence lines, intersections, and sidewalks.  Once the parcel page coverage had been moved to its’ relative real world location, the rotate function was used to properly align the new page to the county master GIS coverage and aerial photo.  Since the original AutoCAD drawing file was created with the appropriate scale, the coverage did not require any further scaling. 

After the newly created parcel page coverage had been registered, it was ready to be implemented.  The implementation stage consisted of weaving the registered parcel pages into one master GIS coverage for the entire county within ArcEdit.  The technician used his/her best judgment when sorting out discrepancies among pages. In addition to creating a master coverage that consisted of arcs/lines and nodes/points of connection, label points were created or updated as well.</procdesc><srcused>BCAG_2</srcused><procdate>2002 - present</procdate></procstep><procstep><procdesc Sync="TRUE">Metadata imported.</procdesc><srcused Sync="TRUE">S:\BASE_DATA\L-Q\parcel.shp.xml</srcused><procdate Sync="TRUE">20140709</procdate><proctime Sync="TRUE">16081000</proctime></procstep><procstep><procdesc Sync="TRUE">Metadata imported.</procdesc><srcused Sync="TRUE">S:\BASE_DATA\L-Q\parcel.shp.xml</srcused><procdate Sync="TRUE">20141110</procdate><proctime Sync="TRUE">14083000</proctime></procstep></lineage><attracc><attraccr>Attributes are currently under review.</attraccr></attracc><logic>The data set is topologically structured polygon data.</logic><complete>All areas of Butte County and all incorporated areas have been mapped.  Completeness is 100%.</complete><posacc><horizpa><horizpar>The relative horizontal positional accuracy for the information used to develop the original tax parcel data is estimated at +/- 20 feet (NMAS 1:12000) in urban areas and +/- 40 feet (NMAS 1:24000) in rural areas.  With the implementation of the GPS centerline positional accuracy is higher in areas.</horizpar></horizpa></posacc></dataqual></metadata>
