<?xml version="1.0"?>
<!--<!DOCTYPE metadata SYSTEM "http://www.esri.com/metadata/esriprof80.dtd">-->
<metadata xml:lang="en"><Esri><CreaDate>20141110</CreaDate><CreaTime>14084700</CreaTime><SyncOnce>FALSE</SyncOnce><SyncDate>20141110</SyncDate><SyncTime>14084700</SyncTime><ModDate>20141110</ModDate><ModTime>14135600</ModTime><Sync>FALSE</Sync><DataProperties><lineage><Process Name="AssignDefaultToField_4" ToolSource="C:\Program Files\ArcGIS\ArcToolbox\Toolboxes\Data Management Tools.tbx\AssignDefaultToField" Date="20070816" Time="112426">AssignDefaultToField "Database Connections\BCAG_DATA.sde\bcag.SDE.TRANSPORTATION\bcag.SDE.streets_singleline" VESTING PUBLIC # "Database Connections\BCAG_DATA.sde\bcag.SDE.TRANSPORTATION\bcag.SDE.streets_singleline"</Process><Process Name="Select (6)" ToolSource="C:\Program Files\ArcGIS\ArcToolbox\Toolboxes\Analysis Tools.tbx\Select" Date="20080115" Time="104950">Select "Database Connections\BCAG_DATA.sde\bcag.SDE.TRANSPORTATION\bcag.SDE.streets_singleline" D:\PROJECTS\BCAG\WORKING\CD\BCAG_SDE_EXTRACTED\STATEPLANE\ROADS\streets_singleline.shp #</Process><Process Name="FeatureClassToFeatureClass_3" ToolSource="C:\Program Files\ArcGIS\ArcToolbox\Toolboxes\Conversion Tools.tbx\FeatureClassToFeatureClass" Date="20080227" Time="091240">FeatureClassToFeatureClass D:\PROJECTS\BCAG\WORKING\CD\BCAG_SDE_EXTRACTED\STATEPLANE\ROADS\streets_singleline.shp "Database Connections\BCAG_DATA.sde\bcag.SDE.TRANSPORTATION" streets_singleline # "FNODE_ FNODE_ true false false 10 Double 0 10 ,First,#,D:\PROJECTS\BCAG\WORKING\CD\BCAG_SDE_EXTRACTED\STATEPLANE\ROADS\streets_singleline.shp,FNODE_,-1,-1;TNODE_ TNODE_ true false false 10 Double 0 10 ,First,#,D:\PROJECTS\BCAG\WORKING\CD\BCAG_SDE_EXTRACTED\STATEPLANE\ROADS\streets_singleline.shp,TNODE_,-1,-1;LPOLY_ LPOLY_ true false false 10 Double 0 10 ,First,#,D:\PROJECTS\BCAG\WORKING\CD\BCAG_SDE_EXTRACTED\STATEPLANE\ROADS\streets_singleline.shp,LPOLY_,-1,-1;RPOLY_ RPOLY_ true false false 10 Double 0 10 ,First,#,D:\PROJECTS\BCAG\WORKING\CD\BCAG_SDE_EXTRACTED\STATEPLANE\ROADS\streets_singleline.shp,RPOLY_,-1,-1;LENGTH LENGTH true false false 19 Double 11 18 ,First,#,D:\PROJECTS\BCAG\WORKING\CD\BCAG_SDE_EXTRACTED\STATEPLANE\ROADS\streets_singleline.shp,LENGTH,-1,-1;ROADS_ ROADS_ true false false 10 Double 0 10 ,First,#,D:\PROJECTS\BCAG\WORKING\CD\BCAG_SDE_EXTRACTED\STATEPLANE\ROADS\streets_singleline.shp,ROADS_,-1,-1;ROADS_ID ROADS_ID true false false 10 Double 0 10 ,First,#,D:\PROJECTS\BCAG\WORKING\CD\BCAG_SDE_EXTRACTED\STATEPLANE\ROADS\streets_singleline.shp,ROADS_ID,-1,-1;PRE_DIR PRE_DIR true false false 2 Text 0 0 ,First,#,D:\PROJECTS\BCAG\WORKING\CD\BCAG_SDE_EXTRACTED\STATEPLANE\ROADS\streets_singleline.shp,PRE_DIR,-1,-1;STREET_NAM STREET_NAM true false false 30 Text 0 0 ,First,#,D:\PROJECTS\BCAG\WORKING\CD\BCAG_SDE_EXTRACTED\STATEPLANE\ROADS\streets_singleline.shp,STREET_NAM,-1,-1;STREET_TYP STREET_TYP true false false 4 Text 0 0 ,First,#,D:\PROJECTS\BCAG\WORKING\CD\BCAG_SDE_EXTRACTED\STATEPLANE\ROADS\streets_singleline.shp,STREET_TYP,-1,-1;SUF_DIR SUF_DIR true false false 2 Text 0 0 ,First,#,D:\PROJECTS\BCAG\WORKING\CD\BCAG_SDE_EXTRACTED\STATEPLANE\ROADS\streets_singleline.shp,SUF_DIR,-1,-1;LABEL LABEL true false false 42 Text 0 0 ,First,#,D:\PROJECTS\BCAG\WORKING\CD\BCAG_SDE_EXTRACTED\STATEPLANE\ROADS\streets_singleline.shp,LABEL,-1,-1;CLASS CLASS true false false 1 Text 0 0 ,First,#,D:\PROJECTS\BCAG\WORKING\CD\BCAG_SDE_EXTRACTED\STATEPLANE\ROADS\streets_singleline.shp,CLASS,-1,-1;FRADDL FRADDL true false false 11 Double 0 11 ,First,#,D:\PROJECTS\BCAG\WORKING\CD\BCAG_SDE_EXTRACTED\STATEPLANE\ROADS\streets_singleline.shp,FRADDL,-1,-1;TOADDL TOADDL true false false 11 Double 0 11 ,First,#,D:\PROJECTS\BCAG\WORKING\CD\BCAG_SDE_EXTRACTED\STATEPLANE\ROADS\streets_singleline.shp,TOADDL,-1,-1;FRADDR FRADDR true false false 11 Double 0 11 ,First,#,D:\PROJECTS\BCAG\WORKING\CD\BCAG_SDE_EXTRACTED\STATEPLANE\ROADS\streets_singleline.shp,FRADDR,-1,-1;TOADDR TOADDR true false false 11 Double 0 11 ,First,#,D:\PROJECTS\BCAG\WORKING\CD\BCAG_SDE_EXTRACTED\STATEPLANE\ROADS\streets_singleline.shp,TOADDR,-1,-1;ZIPL ZIPL true false false 10 Double 0 10 ,First,#,D:\PROJECTS\BCAG\WORKING\CD\BCAG_SDE_EXTRACTED\STATEPLANE\ROADS\streets_singleline.shp,ZIPL,-1,-1;ZIPR ZIPR true false false 10 Double 0 10 ,First,#,D:\PROJECTS\BCAG\WORKING\CD\BCAG_SDE_EXTRACTED\STATEPLANE\ROADS\streets_singleline.shp,ZIPR,-1,-1;SOURCE SOURCE true false false 10 Text 0 0 ,First,#,D:\PROJECTS\BCAG\WORKING\CD\BCAG_SDE_EXTRACTED\STATEPLANE\ROADS\streets_singleline.shp,SOURCE,-1,-1;RD_CLASS RD_CLASS true false false 5 Text 0 0 ,First,#,D:\PROJECTS\BCAG\WORKING\CD\BCAG_SDE_EXTRACTED\STATEPLANE\ROADS\streets_singleline.shp,RD_CLASS,-1,-1;GP_CLASS GP_CLASS true false false 5 Text 0 0 ,First,#,D:\PROJECTS\BCAG\WORKING\CD\BCAG_SDE_EXTRACTED\STATEPLANE\ROADS\streets_singleline.shp,GP_CLASS,-1,-1;SOURCETHM SOURCETHM true false false 16 Text 0 0 ,First,#,D:\PROJECTS\BCAG\WORKING\CD\BCAG_SDE_EXTRACTED\STATEPLANE\ROADS\streets_singleline.shp,SOURCETHM,-1,-1;UPDATE_ UPDATE_ true true false 8 Date 0 0 ,First,#,D:\PROJECTS\BCAG\WORKING\CD\BCAG_SDE_EXTRACTED\STATEPLANE\ROADS\streets_singleline.shp,UPDATE_,-1,-1;HIERARCHY HIERARCHY true false false 20 Text 0 0 ,First,#,D:\PROJECTS\BCAG\WORKING\CD\BCAG_SDE_EXTRACTED\STATEPLANE\ROADS\streets_singleline.shp,HIERARCHY,-1,-1;Z_100000 Z_100000 true false false 16 Text 0 0 ,First,#,D:\PROJECTS\BCAG\WORKING\CD\BCAG_SDE_EXTRACTED\STATEPLANE\ROADS\streets_singleline.shp,Z_100000,-1,-1;Z_24000 Z_24000 true false false 16 Text 0 0 ,First,#,D:\PROJECTS\BCAG\WORKING\CD\BCAG_SDE_EXTRACTED\STATEPLANE\ROADS\streets_singleline.shp,Z_24000,-1,-1;PLAN_LABEL PLAN_LABEL true false false 42 Text 0 0 ,First,#,D:\PROJECTS\BCAG\WORKING\CD\BCAG_SDE_EXTRACTED\STATEPLANE\ROADS\streets_singleline.shp,PLAN_LABEL,-1,-1;VESTING VESTING true false false 7 Text 0 0 ,First,#,D:\PROJECTS\BCAG\WORKING\CD\BCAG_SDE_EXTRACTED\STATEPLANE\ROADS\streets_singleline.shp,VESTING,-1,-1;Shape_len Shape_len true false false 19 Double 0 0 ,First,#,D:\PROJECTS\BCAG\WORKING\CD\BCAG_SDE_EXTRACTED\STATEPLANE\ROADS\streets_singleline.shp,Shape_len,-1,-1" # "Database Connections\BCAG_DATA.sde\bcag.SDE.TRANSPORTATION\bcag.SDE.streets_singleline"</Process><Process Name="FeatureClassToFeatureClass_4" ToolSource="C:\Program Files\ArcGIS\ArcToolbox\Toolboxes\Conversion Tools.tbx\FeatureClassToFeatureClass" Date="20081208" Time="095830">FeatureClassToFeatureClass "Database Connections\BCAG_SDE.sde\bcag.SDE.TRANSPORTATION\bcag.SDE.streets_singleline" W:\Data_Updates\BCAG_SDE\120808 streets_single.shp # "FNODE_ FNODE_ true true false 8 Double 0 10 ,First,#,Database Connections\BCAG_SDE.sde\bcag.SDE.TRANSPORTATION\bcag.SDE.streets_singleline,FNODE_,-1,-1;TNODE_ TNODE_ true true false 8 Double 0 10 ,First,#,Database Connections\BCAG_SDE.sde\bcag.SDE.TRANSPORTATION\bcag.SDE.streets_singleline,TNODE_,-1,-1;LPOLY_ LPOLY_ true true false 8 Double 0 10 ,First,#,Database Connections\BCAG_SDE.sde\bcag.SDE.TRANSPORTATION\bcag.SDE.streets_singleline,LPOLY_,-1,-1;RPOLY_ RPOLY_ true true false 8 Double 0 10 ,First,#,Database Connections\BCAG_SDE.sde\bcag.SDE.TRANSPORTATION\bcag.SDE.streets_singleline,RPOLY_,-1,-1;LENGTH LENGTH true true false 8 Double 11 19 ,First,#,Database Connections\BCAG_SDE.sde\bcag.SDE.TRANSPORTATION\bcag.SDE.streets_singleline,LENGTH,-1,-1;ROADS_ ROADS_ true true false 8 Double 0 10 ,First,#,Database Connections\BCAG_SDE.sde\bcag.SDE.TRANSPORTATION\bcag.SDE.streets_singleline,ROADS_,-1,-1;ROADS_ID ROADS_ID true true false 8 Double 0 10 ,First,#,Database Connections\BCAG_SDE.sde\bcag.SDE.TRANSPORTATION\bcag.SDE.streets_singleline,ROADS_ID,-1,-1;PRE_DIR PRE_DIR true true false 2 Text 0 0 ,First,#,Database Connections\BCAG_SDE.sde\bcag.SDE.TRANSPORTATION\bcag.SDE.streets_singleline,PRE_DIR,-1,-1;STREET_NAM STREET_NAM true true false 30 Text 0 0 ,First,#,Database Connections\BCAG_SDE.sde\bcag.SDE.TRANSPORTATION\bcag.SDE.streets_singleline,STREET_NAM,-1,-1;STREET_TYP STREET_TYP true true false 4 Text 0 0 ,First,#,Database Connections\BCAG_SDE.sde\bcag.SDE.TRANSPORTATION\bcag.SDE.streets_singleline,STREET_TYP,-1,-1;SUF_DIR SUF_DIR true true false 2 Text 0 0 ,First,#,Database Connections\BCAG_SDE.sde\bcag.SDE.TRANSPORTATION\bcag.SDE.streets_singleline,SUF_DIR,-1,-1;LABEL LABEL true true false 42 Text 0 0 ,First,#,Database Connections\BCAG_SDE.sde\bcag.SDE.TRANSPORTATION\bcag.SDE.streets_singleline,LABEL,-1,-1;CLASS CLASS true true false 1 Text 0 0 ,First,#,Database Connections\BCAG_SDE.sde\bcag.SDE.TRANSPORTATION\bcag.SDE.streets_singleline,CLASS,-1,-1;FRADDL FRADDL true true false 8 Double 0 11 ,First,#,Database Connections\BCAG_SDE.sde\bcag.SDE.TRANSPORTATION\bcag.SDE.streets_singleline,FRADDL,-1,-1;TOADDL TOADDL true true false 8 Double 0 11 ,First,#,Database Connections\BCAG_SDE.sde\bcag.SDE.TRANSPORTATION\bcag.SDE.streets_singleline,TOADDL,-1,-1;FRADDR FRADDR true true false 8 Double 0 11 ,First,#,Database Connections\BCAG_SDE.sde\bcag.SDE.TRANSPORTATION\bcag.SDE.streets_singleline,FRADDR,-1,-1;TOADDR TOADDR true true false 8 Double 0 11 ,First,#,Database Connections\BCAG_SDE.sde\bcag.SDE.TRANSPORTATION\bcag.SDE.streets_singleline,TOADDR,-1,-1;ZIPL ZIPL true true false 8 Double 0 10 ,First,#,Database Connections\BCAG_SDE.sde\bcag.SDE.TRANSPORTATION\bcag.SDE.streets_singleline,ZIPL,-1,-1;ZIPR ZIPR true true false 8 Double 0 10 ,First,#,Database Connections\BCAG_SDE.sde\bcag.SDE.TRANSPORTATION\bcag.SDE.streets_singleline,ZIPR,-1,-1;SOURCE SOURCE true true false 10 Text 0 0 ,First,#,Database Connections\BCAG_SDE.sde\bcag.SDE.TRANSPORTATION\bcag.SDE.streets_singleline,SOURCE,-1,-1;RD_CLASS RD_CLASS true true false 5 Text 0 0 ,First,#,Database Connections\BCAG_SDE.sde\bcag.SDE.TRANSPORTATION\bcag.SDE.streets_singleline,RD_CLASS,-1,-1;GP_CLASS GP_CLASS true true false 5 Text 0 0 ,First,#,Database Connections\BCAG_SDE.sde\bcag.SDE.TRANSPORTATION\bcag.SDE.streets_singleline,GP_CLASS,-1,-1;SOURCETHM SOURCETHM true true false 16 Text 0 0 ,First,#,Database Connections\BCAG_SDE.sde\bcag.SDE.TRANSPORTATION\bcag.SDE.streets_singleline,SOURCETHM,-1,-1;UPDATE_ UPDATE_ true true false 36 Date 0 0 ,First,#,Database Connections\BCAG_SDE.sde\bcag.SDE.TRANSPORTATION\bcag.SDE.streets_singleline,UPDATE_,-1,-1;HIERARCHY HIERARCHY true true false 20 Text 0 0 ,First,#,Database Connections\BCAG_SDE.sde\bcag.SDE.TRANSPORTATION\bcag.SDE.streets_singleline,HIERARCHY,-1,-1;Z_100000 Z_100000 true true false 16 Text 0 0 ,First,#,Database Connections\BCAG_SDE.sde\bcag.SDE.TRANSPORTATION\bcag.SDE.streets_singleline,Z_100000,-1,-1;Z_24000 Z_24000 true true false 16 Text 0 0 ,First,#,Database Connections\BCAG_SDE.sde\bcag.SDE.TRANSPORTATION\bcag.SDE.streets_singleline,Z_24000,-1,-1;PLAN_LABEL PLAN_LABEL true true false 42 Text 0 0 ,First,#,Database Connections\BCAG_SDE.sde\bcag.SDE.TRANSPORTATION\bcag.SDE.streets_singleline,PLAN_LABEL,-1,-1;VESTING VESTING true true false 7 Text 0 0 ,First,#,Database Connections\BCAG_SDE.sde\bcag.SDE.TRANSPORTATION\bcag.SDE.streets_singleline,VESTING,-1,-1;len len false false true 0 Double 0 0 ,First,#,Database Connections\BCAG_SDE.sde\bcag.SDE.TRANSPORTATION\bcag.SDE.streets_singleline,Shape.len,-1,-1" # W:\Data_Updates\BCAG_SDE\120808\streets_single.shp</Process><Process Name="Feature Class to Feature Class" ToolSource="C:\Program Files\ArcGIS\ArcToolbox\Toolboxes\Conversion Tools.tbx\FeatureClassToFeatureClass" Date="20081208" Time="100453">FeatureClassToFeatureClass W:\Data_Updates\BCAG_SDE\120808\streets_single.shp W:\Data_Updates\BCAG_SDE\120808 roads_bcag.shp # "FNODE_ FNODE_ true false false 10 Double 0 10 ,First,#,W:\Data_Updates\BCAG_SDE\120808\streets_single.shp,FNODE_,-1,-1;TNODE_ TNODE_ true false false 10 Double 0 10 ,First,#,W:\Data_Updates\BCAG_SDE\120808\streets_single.shp,TNODE_,-1,-1;LPOLY_ LPOLY_ true false false 10 Double 0 10 ,First,#,W:\Data_Updates\BCAG_SDE\120808\streets_single.shp,LPOLY_,-1,-1;RPOLY_ RPOLY_ true false false 10 Double 0 10 ,First,#,W:\Data_Updates\BCAG_SDE\120808\streets_single.shp,RPOLY_,-1,-1;LENGTH LENGTH true false false 19 Double 11 18 ,First,#,W:\Data_Updates\BCAG_SDE\120808\streets_single.shp,LENGTH,-1,-1;ROADS_ ROADS_ true false false 10 Double 0 10 ,First,#,W:\Data_Updates\BCAG_SDE\120808\streets_single.shp,ROADS_,-1,-1;ROADS_ID ROADS_ID true false false 10 Double 0 10 ,First,#,W:\Data_Updates\BCAG_SDE\120808\streets_single.shp,ROADS_ID,-1,-1;PRE_DIR PRE_DIR true false false 2 Text 0 0 ,First,#,W:\Data_Updates\BCAG_SDE\120808\streets_single.shp,PRE_DIR,-1,-1;STREET_NAM STREET_NAM true false false 30 Text 0 0 ,First,#,W:\Data_Updates\BCAG_SDE\120808\streets_single.shp,STREET_NAM,-1,-1;STREET_TYP STREET_TYP true false false 4 Text 0 0 ,First,#,W:\Data_Updates\BCAG_SDE\120808\streets_single.shp,STREET_TYP,-1,-1;SUF_DIR SUF_DIR true false false 2 Text 0 0 ,First,#,W:\Data_Updates\BCAG_SDE\120808\streets_single.shp,SUF_DIR,-1,-1;LABEL LABEL true false false 42 Text 0 0 ,First,#,W:\Data_Updates\BCAG_SDE\120808\streets_single.shp,LABEL,-1,-1;CLASS CLASS true false false 1 Text 0 0 ,First,#,W:\Data_Updates\BCAG_SDE\120808\streets_single.shp,CLASS,-1,-1;FRADDL FRADDL true false false 11 Double 0 11 ,First,#,W:\Data_Updates\BCAG_SDE\120808\streets_single.shp,FRADDL,-1,-1;TOADDL TOADDL true false false 11 Double 0 11 ,First,#,W:\Data_Updates\BCAG_SDE\120808\streets_single.shp,TOADDL,-1,-1;FRADDR FRADDR true false false 11 Double 0 11 ,First,#,W:\Data_Updates\BCAG_SDE\120808\streets_single.shp,FRADDR,-1,-1;TOADDR TOADDR true false false 11 Double 0 11 ,First,#,W:\Data_Updates\BCAG_SDE\120808\streets_single.shp,TOADDR,-1,-1;ZIPL ZIPL true false false 10 Double 0 10 ,First,#,W:\Data_Updates\BCAG_SDE\120808\streets_single.shp,ZIPL,-1,-1;ZIPR ZIPR true false false 10 Double 0 10 ,First,#,W:\Data_Updates\BCAG_SDE\120808\streets_single.shp,ZIPR,-1,-1;SOURCE SOURCE true false false 10 Text 0 0 ,First,#,W:\Data_Updates\BCAG_SDE\120808\streets_single.shp,SOURCE,-1,-1;RD_CLASS RD_CLASS true false false 5 Text 0 0 ,First,#,W:\Data_Updates\BCAG_SDE\120808\streets_single.shp,RD_CLASS,-1,-1;GP_CLASS GP_CLASS true false false 5 Text 0 0 ,First,#,W:\Data_Updates\BCAG_SDE\120808\streets_single.shp,GP_CLASS,-1,-1;SOURCETHM SOURCETHM true false false 16 Text 0 0 ,First,#,W:\Data_Updates\BCAG_SDE\120808\streets_single.shp,SOURCETHM,-1,-1;UPDATE_ UPDATE_ true true false 8 Date 0 0 ,First,#,W:\Data_Updates\BCAG_SDE\120808\streets_single.shp,UPDATE_,-1,-1;HIERARCHY HIERARCHY true false false 20 Text 0 0 ,First,#,W:\Data_Updates\BCAG_SDE\120808\streets_single.shp,HIERARCHY,-1,-1;Z_100000 Z_100000 true false false 16 Text 0 0 ,First,#,W:\Data_Updates\BCAG_SDE\120808\streets_single.shp,Z_100000,-1,-1;Z_24000 Z_24000 true false false 16 Text 0 0 ,First,#,W:\Data_Updates\BCAG_SDE\120808\streets_single.shp,Z_24000,-1,-1;PLAN_LABEL PLAN_LABEL true false false 42 Text 0 0 ,First,#,W:\Data_Updates\BCAG_SDE\120808\streets_single.shp,PLAN_LABEL,-1,-1;VESTING VESTING true false false 7 Text 0 0 ,First,#,W:\Data_Updates\BCAG_SDE\120808\streets_single.shp,VESTING,-1,-1;len len true false false 19 Double 0 0 ,First,#,W:\Data_Updates\BCAG_SDE\120808\streets_single.shp,len,-1,-1" # W:\Data_Updates\BCAG_SDE\120808\roads_bcag.shp</Process><Process Name="Delete Field" ToolSource="C:\Program Files\ArcGIS\ArcToolbox\Toolboxes\Data Management Tools.tbx\DeleteField" Date="20081208" Time="100504">DeleteField W:\Data_Updates\BCAG_SDE\120808\roads_bcag.shp FNODE_;TNODE_;LPOLY_;RPOLY_;LENGTH;ROADS_;ROADS_ID;PLAN_LABEL W:\Data_Updates\BCAG_SDE\120808\roads_bcag.shp</Process></lineage></DataProperties><MetaID>{545FE438-BB6C-48CC-A0FC-0B8ADD35FA18}</MetaID></Esri><idinfo><native Sync="TRUE">Microsoft Windows Vista Version 6.1 (Build 7601) Service Pack 1; ESRI ArcCatalog 9.3.1.4000</native><descript><langdata Sync="TRUE">en</langdata><abstract>The roads_geocode feature class represents road centerlines within Butte County.  Layer was derived from GPS lines, adjusted US Census Bureau TIGER files, and assessor parcel pages.  The file contains both paved and unpaved roads.</abstract><purpose>This roads_geocode feature class is used to keep a current inventory of road names and locations. The roads also provide orientation and direction for anyone using county map data.  File is curently being prepapred as a geocode base.  This information is intended for cartographic use, general spatial analysis and as a spatial index to road related information. It is not intended for site specific analysis.</purpose></descript><citation><citeinfo><origin>Butte County Association of Governments</origin><pubdate>2008</pubdate><title Sync="TRUE">roads_geocode</title><ftname Sync="TRUE">roads_geocode</ftname><geoform Sync="TRUE">vector digital data</geoform><pubinfo><pubplace>Chico, CA</pubplace><publish>Butte County Association of Governments</publish></pubinfo><onlink Sync="TRUE">\\Brian-W7\GIS_WORKING\Data_Updates\BCAG_SDE\110614\roads_geocode.shp</onlink></citeinfo></citation><timeperd><current>The information is current a month prior to date.</current><timeinfo><sngdate><caldate>October 2014</caldate></sngdate></timeinfo></timeperd><status><progress>Continually updated.</progress><update>Bi-monthly</update></status><spdom><bounding><westbc Sync="TRUE">-122.055518</westbc><eastbc Sync="TRUE">-121.090819</eastbc><northbc Sync="TRUE">40.153065</northbc><southbc Sync="TRUE">39.300443</southbc></bounding><lboundng><leftbc Sync="TRUE">6546145.929159</leftbc><rightbc Sync="TRUE">6815846.925189</rightbc><bottombc Sync="TRUE">2236681.150314</bottombc><topbc Sync="TRUE">2546004.741639</topbc></lboundng></spdom><keywords><theme><themekt>None</themekt><themekey>roads_geocode</themekey></theme><place><placekey>City of Biggs</placekey><placekey>City of Chico</placekey><placekey>City of Gridley</placekey><placekey>City of Oroville</placekey><placekey>Town of Paradise</placekey><placekt>None</placekt></place></keywords><accconst>Data is licensed for use.</accconst><useconst>Refer to the License Agreement for Butte County Digital Geographic Data Sets.</useconst><natvform Sync="TRUE">Shapefile</natvform><ptcontac><cntinfo><cntorgp><cntorg>Butte County Association of Governments</cntorg><cntper>Brian Lasagna</cntper></cntorgp><cntpos>Senior Planner</cntpos><cntaddr><addrtype>mailing address</addrtype><address>2580 Sierra Sunrise Terrace, Suite 100</address><city>Chico</city><state>CA</state><postal>95928</postal><country>USA</country></cntaddr><cntvoice>(530)879-2468</cntvoice><cntfax>(530)879-2444</cntfax><cntemail>blasagna@bcag.org</cntemail><hours>Normal Business Hours (8:00am - 5:00pm)</hours><cntinst>Jon Clark (Director) (530)879-2468</cntinst></cntinfo></ptcontac></idinfo><dataIdInfo><envirDesc Sync="TRUE">Microsoft Windows Vista Version 6.1 (Build 7601) Service Pack 1; ESRI ArcCatalog 9.3.1.4000</envirDesc><dataLang><languageCode Sync="TRUE" value="en"></languageCode></dataLang><idCitation><resTitle Sync="TRUE">roads_geocode</resTitle><presForm><PresFormCd Sync="TRUE" value="005"></PresFormCd></presForm></idCitation><spatRpType><SpatRepTypCd Sync="TRUE" value="001"></SpatRepTypCd></spatRpType><geoBox esriExtentType="decdegrees"><westBL Sync="TRUE">-122.055518</westBL><eastBL Sync="TRUE">-121.090819</eastBL><northBL Sync="TRUE">40.153065</northBL><southBL Sync="TRUE">39.300443</southBL><exTypeCode Sync="TRUE">1</exTypeCode></geoBox><dataExt><geoEle><GeoBndBox esriExtentType="native"><westBL Sync="TRUE">6546145.929159</westBL><eastBL Sync="TRUE">6815846.925189</eastBL><northBL Sync="TRUE">2546004.741639</northBL><southBL Sync="TRUE">2236681.150314</southBL><exTypeCode Sync="TRUE">1</exTypeCode></GeoBndBox></geoEle></dataExt></dataIdInfo><metainfo><langmeta Sync="TRUE">en</langmeta><metstdn Sync="TRUE">FGDC Content Standards for Digital Geospatial Metadata</metstdn><metstdv Sync="TRUE">FGDC-STD-001-1998</metstdv><mettc Sync="TRUE">local time</mettc><metc><cntinfo><cntorgp><cntper>Brian Lasagna</cntper><cntorg>Butte County Association of Governments</cntorg></cntorgp><cntaddr><addrtype>mailing address</addrtype><city>Chico</city><state>CA</state><postal>95928</postal><address>2580 Sierra Sunrise Terrace, Suite 100</address><country>USA</country></cntaddr><cntvoice>(530)879-2468</cntvoice><cntpos>Planning Manager</cntpos><cntfax>(530)879-2444</cntfax><cntemail>blasagna@bcag.org</cntemail><hours>Normal Business Hours (8:00am – 5:00pm)</hours><cntinst>Additional Contact Persons: Jon Clark (Director) (530)879-2468</cntinst></cntinfo></metc><metd Sync="TRUE">20141110</metd><metextns><onlink Sync="TRUE">http://www.esri.com/metadata/esriprof80.html</onlink><metprof Sync="TRUE">ESRI Metadata Profile</metprof></metextns></metainfo><mdLang><languageCode Sync="TRUE" value="en"></languageCode></mdLang><mdStanName Sync="TRUE">ISO 19115 Geographic Information - Metadata</mdStanName><mdStanVer Sync="TRUE">DIS_ESRI1.0</mdStanVer><mdChar><CharSetCd Sync="TRUE" value="004"></CharSetCd></mdChar><mdHrLv><ScopeCd Sync="TRUE" value="005"></ScopeCd></mdHrLv><mdHrLvName Sync="TRUE">dataset</mdHrLvName><distinfo><resdesc Sync="TRUE">Downloadable Data</resdesc><stdorder><digform><digtinfo><transize Sync="TRUE">2.675</transize><dssize Sync="TRUE">2.675</dssize><formname>Shapefile</formname><formcont>Shapefile</formcont></digtinfo><digtopt><offoptn><offmedia>CD-ROM</offmedia><reccap><recden>650</recden><recdenu>Megabytes</recdenu></reccap><recfmt>DOS copy</recfmt></offoptn></digtopt></digform><fees>A fee will be levied to non-BCAG member agencies for monthly, quarterly, bi-annual and annual updates.  The costs for receiving the updates are detailed in BCAG’s GIS base data subscription plan.</fees><ordering>Contact Butte County Association of Governments.</ordering></stdorder><distrib><cntinfo><cntorgp><cntorg>Butte County Association of Governments</cntorg><cntper>Brian Lasagna</cntper></cntorgp><cntpos>Senior Planner</cntpos><cntaddr><addrtype>mailing address</addrtype><address>2580 Sierra Sunrise Terrace, Suite 100</address><city>Chico</city><state>CA</state><postal>95928</postal><country>USA</country></cntaddr><cntvoice>(530)879-2468</cntvoice><cntfax>(530)879-2444</cntfax><cntemail>blasagna@bcag.org</cntemail><hours>Normal Business Hours (8:00am – 5:00pm)</hours><cntinst>Additional Contact Persons: Jon Clark (Director), (530)879-2468.</cntinst></cntinfo></distrib><distliab>BCAG member jurisdictions may distribute the GIS base data according to their own discretion.  Non-member jurisdictions are permitted to use the GIS base data for internal business purposes only, and cannot sell, transfer, license, sublicense, disclose or allow access to the digital data to any third party without express written permission from BCAG. However, if any manipulation and/or processing of data are required to fulfill a request, an entity may charge the cost incurred for those services.

BCAG does not guarantee the accuracy or quality of the digital data.  The information is taken “AS IS” without any representations or implied warranties as to the fitness for a particular purpose or otherwise.  It is further understood that any and all rights, claims, causes of action or other recourse against BCAG for injuries or damages of any type, whether direct, indirect, incidental, consequential or otherwise, resulting from any error or omission in the data or in any programming used to obtain the data, or in any manner arising out of or related to the data retrieved herein, are forever waived.  It is agreed that BCAG shall not be liable for any liability, claim, loss, damage, injury or expense of any kind caused or alleged to be caused, directly or indirectly, by the inadequacy of data obtained from BCAG, by any deficiency of BCAG or user systems, by any delay or failure to provide service, or by any other interruption, disruption or loss to operations.</distliab><custom>Contact Butte County Association of Governments.</custom></distinfo><distInfo><distributor><distorTran><onLineSrc><orDesc Sync="TRUE">002</orDesc><linkage Sync="TRUE">file://\\Brian-W7\GIS_WORKING\Data_Updates\BCAG_SDE\110614\roads_geocode.shp</linkage><protocol Sync="TRUE">Local Area Network</protocol></onLineSrc><transSize Sync="TRUE">2.675</transSize></distorTran><distorFormat><formatName Sync="TRUE">Shapefile</formatName></distorFormat></distributor></distInfo><spdoinfo><direct Sync="TRUE">Vector</direct><ptvctinf><esriterm Name="roads_geocode"><efeatyp Sync="TRUE">Simple</efeatyp><efeageom Sync="TRUE">Polyline</efeageom><esritopo Sync="TRUE">FALSE</esritopo><efeacnt Sync="TRUE">22457</efeacnt><spindex Sync="TRUE">FALSE</spindex><linrefer Sync="TRUE">FALSE</linrefer></esriterm><sdtsterm Name="roads_geocode"><sdtstype Sync="TRUE">String</sdtstype><ptvctcnt Sync="TRUE">22457</ptvctcnt></sdtsterm></ptvctinf><indspref>None</indspref></spdoinfo><spref><horizsys><cordsysn><geogcsn Sync="TRUE">GCS_North_American_1983</geogcsn><projcsn Sync="TRUE">NAD_1983_StatePlane_California_II_FIPS_0402_Feet</projcsn></cordsysn><planar><planci><plance Sync="TRUE">coordinate pair</plance><plandu Sync="TRUE">survey feet</plandu><coordrep><absres Sync="TRUE">0.000000</absres><ordres Sync="TRUE">0.000000</ordres></coordrep></planci><mapproj><mapprojn Sync="TRUE">Lambert Conformal Conic</mapprojn><lambertc><stdparll Sync="TRUE">38.333333</stdparll><stdparll Sync="TRUE">39.833333</stdparll><longcm Sync="TRUE">-122.000000</longcm><latprjo Sync="TRUE">37.666667</latprjo><feast Sync="TRUE">6561666.666667</feast><fnorth Sync="TRUE">1640416.666667</fnorth></lambertc></mapproj></planar><geodetic><horizdn Sync="TRUE">North American Datum of 1983</horizdn><ellips Sync="TRUE">Geodetic Reference System 80</ellips><semiaxis Sync="TRUE">6378137.000000</semiaxis><denflat Sync="TRUE">298.257222</denflat></geodetic></horizsys><vertdef><altsys><altenc Sync="TRUE">Explicit elevation coordinate included with horizontal coordinates</altenc><altres Sync="TRUE">1.000000</altres></altsys></vertdef></spref><refSysInfo><RefSystem><refSysID><identCode Sync="TRUE">NAD_1983_StatePlane_California_II_FIPS_0402_Feet</identCode></refSysID></RefSystem></refSysInfo><spatRepInfo><VectSpatRep><topLvl><TopoLevCd Sync="TRUE" value="001"></TopoLevCd></topLvl><geometObjs Name="roads_geocode"><geoObjTyp><GeoObjTypCd Sync="TRUE" value="001"></GeoObjTypCd></geoObjTyp><geoObjCnt Sync="TRUE">22457</geoObjCnt></geometObjs></VectSpatRep></spatRepInfo><eainfo><detailed Name="roads_geocode"><enttyp><enttypl Sync="TRUE">roads_geocode</enttypl><enttypt Sync="TRUE">Feature Class</enttypt><enttypc Sync="TRUE">22457</enttypc></enttyp><attr><attrlabl Sync="TRUE">Shape</attrlabl><attalias Sync="TRUE">GP_CLASS</attalias><attrtype Sync="TRUE">String</attrtype><attwidth Sync="TRUE">5</attwidth><atprecis Sync="TRUE">0</atprecis><attscale Sync="TRUE">0</attscale><attrdef Sync="TRUE">Feature geometry.</attrdef><attrdefs Sync="TRUE">ESRI</attrdefs><attrdomv><udom Sync="TRUE">Coordinates defining the features.</udom></attrdomv></attr><attr><attrlabl Sync="TRUE">GP_CLASS</attrlabl><attalias Sync="TRUE">COMMUNITY</attalias><attrtype Sync="TRUE">String</attrtype><attwidth Sync="TRUE">5</attwidth><attrdef>City of Chico road classification:  FE - Freeway/Expressway (4-6 lanes);  A - Arterial (4 lanes);  MA - Minor Arterials (2 lanes);  C - Collector (2 lanes);  LS - Local Street; and not found in the GP;  other - alleyways, dirt roads, and future street sections</attrdef><attrdefs>Butte County Association of Governments</attrdefs><attrdomv><udom Sync="TRUE">Sequential unique whole numbers that are automatically generated.</udom></attrdomv></attr><attr><attrlabl Sync="TRUE">COMMENT</attrlabl><attalias Sync="TRUE">L_F_ADD</attalias><attrtype Sync="TRUE">String</attrtype><attwidth Sync="TRUE">100</attwidth></attr><attr><attrlabl Sync="TRUE">COMMUNITY</attrlabl><attalias Sync="TRUE">OVERPASS</attalias><attrtype Sync="TRUE">String</attrtype><attwidth Sync="TRUE">30</attwidth></attr><attr><attrlabl Sync="TRUE">OVERPASS</attrlabl><attalias Sync="TRUE">FID</attalias><attrtype Sync="TRUE">String</attrtype><attwidth Sync="TRUE">50</attwidth><attrdef Sync="TRUE">Internal feature number.</attrdef><attrdefs Sync="TRUE">ESRI</attrdefs><attrdomv><udom Sync="TRUE">Sequential unique whole numbers that are automatically generated.</udom></attrdomv></attr><attr><attrlabl Sync="TRUE">FID</attrlabl><attalias Sync="TRUE">L_T_ADD</attalias><attrtype Sync="TRUE">String</attrtype><attwidth Sync="TRUE">11</attwidth><attrdef Sync="TRUE">Internal feature number.</attrdef><attrdefs Sync="TRUE">ESRI</attrdefs><attrdomv><udom Sync="TRUE">Sequential unique whole numbers that are automatically generated.</udom></attrdomv><atprecis Sync="TRUE">0</atprecis><attscale Sync="TRUE">0</attscale></attr><attr><attrlabl Sync="TRUE">L_T_ADD</attrlabl><attalias Sync="TRUE">R_F_ADD</attalias><attrtype Sync="TRUE">String</attrtype><attwidth Sync="TRUE">11</attwidth></attr><attr><attrlabl Sync="TRUE">R_F_ADD</attrlabl><attalias Sync="TRUE">R_T_ADD</attalias><attrtype Sync="TRUE">String</attrtype><attwidth Sync="TRUE">11</attwidth></attr><attr><attrlabl Sync="TRUE">R_T_ADD</attrlabl><attalias Sync="TRUE">PREFIX</attalias><attrtype Sync="TRUE">String</attrtype><attwidth Sync="TRUE">11</attwidth></attr><attr><attrlabl Sync="TRUE">PREFIX</attrlabl><attalias Sync="TRUE">NAME</attalias><attrtype Sync="TRUE">String</attrtype><attwidth Sync="TRUE">4</attwidth></attr><attr><attrlabl Sync="TRUE">NAME</attrlabl><attalias Sync="TRUE">TYPE</attalias><attrtype Sync="TRUE">String</attrtype><attwidth Sync="TRUE">40</attwidth></attr><attr><attrlabl Sync="TRUE">TYPE</attrlabl><attalias Sync="TRUE">SUFFIX</attalias><attrtype Sync="TRUE">String</attrtype><attwidth Sync="TRUE">6</attwidth></attr><attr><attrlabl Sync="TRUE">SUFFIX</attrlabl><attalias Sync="TRUE">FCC</attalias><attrtype Sync="TRUE">String</attrtype><attwidth Sync="TRUE">4</attwidth></attr><attr><attrlabl Sync="TRUE">FCC</attrlabl><attalias Sync="TRUE">POSTAL_L</attalias><attrtype Sync="TRUE">String</attrtype><attwidth Sync="TRUE">3</attwidth></attr><attr><attrlabl Sync="TRUE">POSTAL_L</attrlabl><attalias Sync="TRUE">POSTAL_R</attalias><attrtype Sync="TRUE">String</attrtype><attwidth Sync="TRUE">5</attwidth></attr><attr><attrlabl Sync="TRUE">POSTAL_R</attrlabl><attalias Sync="TRUE">HWY_NUM</attalias><attrtype Sync="TRUE">String</attrtype><attwidth Sync="TRUE">5</attwidth></attr><attr><attrlabl Sync="TRUE">HWY_NUM</attrlabl><attalias Sync="TRUE">SPEED</attalias><attrtype Sync="TRUE">String</attrtype><attwidth Sync="TRUE">5</attwidth></attr><attr><attrlabl Sync="TRUE">SPEED</attrlabl><attalias Sync="TRUE">ONE_WAY</attalias><attrtype Sync="TRUE">Number</attrtype><attwidth Sync="TRUE">10</attwidth></attr><attr><attrlabl Sync="TRUE">ONE_WAY</attrlabl><attalias Sync="TRUE">FULLSTREET</attalias><attrtype Sync="TRUE">String</attrtype><attwidth Sync="TRUE">2</attwidth></attr><attr><attrlabl Sync="TRUE">FULLSTREET</attrlabl><attalias Sync="TRUE">HIERARCHY</attalias><attrtype Sync="TRUE">String</attrtype><attwidth Sync="TRUE">60</attwidth></attr><attr><attrlabl Sync="TRUE">HIERARCHY</attrlabl><attalias Sync="TRUE">Z_100000</attalias><attrtype Sync="TRUE">String</attrtype><attwidth Sync="TRUE">20</attwidth><attrdef>Butte County road classification</attrdef><attrdefs>Butte County Association of Governments</attrdefs></attr><attr><attrlabl Sync="TRUE">Z_100000</attrlabl><attalias Sync="TRUE">Z_24000</attalias><attrtype Sync="TRUE">String</attrtype><attwidth Sync="TRUE">16</attwidth><attrdef>Classified segments for display @ 1:100000</attrdef><attrdefs>Butte County Association of Governments</attrdefs></attr><attr><attrlabl Sync="TRUE">Z_24000</attrlabl><attalias Sync="TRUE">Shape</attalias><attrtype Sync="TRUE">String</attrtype><attwidth Sync="TRUE">16</attwidth><attrdef>Classified segments for display @ 1:24000</attrdef><attrdefs>Butte County Association of Governments</attrdefs><attrdomv><udom Sync="TRUE">Coordinates defining the features.</udom></attrdomv></attr><attr><attrlabl Sync="TRUE">SHAPE</attrlabl><attalias Sync="TRUE">FUNC_CLASS</attalias><attrtype Sync="TRUE">String</attrtype><attwidth Sync="TRUE">25</attwidth><attrdef Sync="TRUE">Feature geometry.</attrdef><attrdefs Sync="TRUE">ESRI</attrdefs><attrdomv><udom Sync="TRUE">Coordinates defining the features.</udom></attrdomv><atprecis Sync="TRUE">0</atprecis><attscale Sync="TRUE">0</attscale></attr><attr><attrlabl Sync="TRUE">FUNC_CLASS</attrlabl><attalias Sync="TRUE">PLAN_LABEL</attalias><attrtype Sync="TRUE">String</attrtype><attwidth Sync="TRUE">25</attwidth></attr><attr><attrlabl Sync="TRUE">PLAN_LABEL</attrlabl><attalias Sync="TRUE">UPDATED</attalias><attrtype Sync="TRUE">String</attrtype><attwidth Sync="TRUE">42</attwidth><attrdef>Planning Label. Created for City of Chico Planning Department.</attrdef><attrdefs>Geographic Information Center</attrdefs><attrdomv><udom Sync="TRUE">Sequential unique whole numbers that are automatically generated.</udom></attrdomv></attr><attr><attrlabl Sync="TRUE">UPDATED</attrlabl><attalias Sync="TRUE">COMMENT</attalias><attrtype Sync="TRUE">Date</attrtype><attwidth Sync="TRUE">8</attwidth></attr></detailed><overview><dsoverv>The roads_geocode feature class is a line feature class. It includes those roads that fall under the jurisdiction of Butte County.</dsoverv></overview></eainfo><mdDateSt Sync="TRUE">20141110</mdDateSt><dataqual><lineage><srcinfo><srccite><citeinfo><origin>Butte County Association of Governments</origin><pubdate>mid 1990’s</pubdate><title>Butte County Centerlines</title><geoform>digital</geoform><pubinfo><pubplace>Oroville, CA</pubplace><publish>Butte County Association of Governments </publish></pubinfo></citeinfo></srccite><typesrc>GPS digital vector</typesrc><srccitea>BCAG</srccitea></srcinfo><procstep><procdesc>Private consultant, Quad Knopf Engineering, Inc, GPS’ed road centerlines using automobile.</procdesc><srcused>BCAG</srcused><procdate>mid 1990’s</procdate></procstep><srcinfo><srccite><citeinfo><origin>City of Chico</origin><pubdate>mid 1990’s </pubdate><title>City of Chico Singleline Roads</title><geoform>digital</geoform><pubinfo><pubplace>Chico, CA</pubplace><publish>City of Chico</publish></pubinfo></citeinfo></srccite><srcscale>various</srcscale><typesrc>digital/hardcopy</typesrc><srctime><srccurr>publication date</srccurr></srctime><srccitea>COC_1</srccitea><srccontr>City of Chico contracted with CSU, Chico Research Foundation Geographical Information Center.</srccontr></srcinfo><srcinfo><srccite><citeinfo><origin>City of Chico</origin><pubdate>2001-2002</pubdate><title>Butte County Streets Singleline</title><geoform>digital</geoform><pubinfo><pubplace>Chico, CA</pubplace><publish>Butte County Association of Governments/ City of Chico</publish></pubinfo></citeinfo></srccite><srcscale>various</srcscale><typesrc>digital tape media</typesrc><srctime><timeinfo><rngdates><begdate>2001</begdate><enddate>2002</enddate></rngdates></timeinfo><srccurr>publication date</srccurr></srctime><srccitea>COC_2</srccitea><srccontr>Butte County Centerline file and City of Chico Streets Singleline.</srccontr></srcinfo><procstep><procdesc>Manually realigned US Census Bureau TIGER line road files to coincide with City of Chico parcel base layer.  Note: City of Chico parcel base layer was controlled to non-orthorectified aerial photos.</procdesc><srcused>COC_1</srcused></procstep><srcinfo><srccite><citeinfo><title>Butte County Roads Geocode</title><origin>Butte County Association of Governments</origin><pubdate>June 30, 2004</pubdate><geoform>digital</geoform><pubinfo><pubplace>Chico, CA</pubplace><publish>Butte County Association of Governments/ City of Chico</publish></pubinfo></citeinfo></srccite><srcscale>various</srcscale><typesrc>digital photos, assessor parcel maps, field check.</typesrc><srctime><timeinfo><rngdates><begdate>April 1, 2004</begdate><enddate>June 30, 2004</enddate></rngdates></timeinfo><srccurr>publication date</srccurr></srctime><srccitea>COC_3</srccitea><srccontr>Butte County Centerline file and City of Chico Streets Singleline.</srccontr></srcinfo><procstep><procdesc>Adjusted City of Chico Streets Singleline coverage to Butte County Association of Governments Centerline road file.  Process used ArcInfo 7.2 ‘adjust’ command.  ‘Links’ were manually entered by technicians at every corresponding intersection.  File was manually reviewed by technicians for accurate alignment.</procdesc><srcused>COC_2</srcused><procdate>2002</procdate></procstep><procstep><procdesc>Process for geocoding of Butte County street file within the City of Chico:

1.  Defined project boundaries.  Keefer Rd. - north, Durham-Dayton Hwy - south, Humboldt Rd. meets Hwy 32 - east, and Meridian Rd. - west.
2.  Map Series extension for ArcMap was used to create a grid of the entire project area.  The grid served to create a guide of small focus areas and to eliminate redundancy.  A total of eighty-six grid cells were produced.
3.  Address ranges (FRADDR, TOADDR, FRADDL, TOADDL) were updated and verified by comparing the existing street file to Butte County’s latest address point file (June 2004).  Any missing street segments were added.
4.  Through comparison of the files and the use of assessor’s parcel maps, street names and street types were standardized for more accurate analysis and higher success rates in geocoding services. 
5.  Feature location was controlled by overlay on a 2002 orthophoto base.  Where aerial photography didn’t accurately represent currently existing features, up-to-date parcel coverages were used as the determinant. 
6.  Any discrepancies or areas in question were then field checked for ground truthing.
7.  GP_CLASS was updated using information provided by the City of Chico.
8.  HIERARCHY, Z_100000, and Z_24000 fields were added and attributed with information provided by Butte County Development Services.</procdesc><srcused>COC_3</srcused><procdate>June 2004</procdate></procstep><procstep><procdesc Sync="TRUE">Metadata imported.</procdesc><srcused Sync="TRUE">S:\BASE_DATA\R-T\roads_geocode.shp.xml</srcused><procdate Sync="TRUE">20140417</procdate><proctime Sync="TRUE">10094700</proctime></procstep><procstep><procdesc Sync="TRUE">Metadata imported.</procdesc><srcused Sync="TRUE">S:\BASE_DATA\R-T\roads_geocode.shp.xml</srcused><procdate Sync="TRUE">20140709</procdate><proctime Sync="TRUE">16053200</proctime></procstep><procstep><procdesc Sync="TRUE">Metadata imported.</procdesc><srcused Sync="TRUE">S:\BASE_DATA\R-T\roads_geocode.shp.xml</srcused><procdate Sync="TRUE">20141110</procdate><proctime Sync="TRUE">14084700</proctime></procstep></lineage><attracc><attraccr>Attributes are currently under review.  City of Chico urban area reviewed June 2004 and all road names meet associated address database.</attraccr></attracc><logic>The data set is topologically structured line data.</logic><complete>All major roads of Butte County and incorporated areas have been mapped.   Minor roads in urban and rural portions of the county are currently under review.  Completeness is 80%.</complete><posacc><horizpa><horizpar>The relative horizontal positional accuracy for the three (3) sources used to develop the road centerline file is estimated at the following:  US Census Bureau TIGER files adjusted (NMAS 1:12,000), assessor pages (1:24,000), GPS centerline (3 meters).</horizpar></horizpa></posacc></dataqual></metadata>
